,This is a list of all craisglist sites by city,,,,,

,,,,,,Search URL


AK,anchorage / mat-su,https://anchorage.craigslist.org/,,,,search/cto?query=CARS&sort=rel&min_price=100&max_price=150000
AK,"fairbanks, AK",https://fairbanks.craigslist.org/,,,,
AK,southeast alaska,https://juneau.craigslist.org/,,,,
AK,little rock,https://littlerock.craigslist.org/,,,,
AK,kenai peninsula,https://kenai.craigslist.org/,,,,
AL,"auburn, AL",https://auburn.craigslist.org/,,,,
AL,"birmingham, AL",https://bham.craigslist.org/,,,,
AL,"dothan, AL",https://dothan.craigslist.org/
AL,"mobile, AL",https://mobile.craigslist.org/
AL,"montgomery, AL",https://montgomery.craigslist.org/
AL,tuscaloosa,https://tuscaloosa.craigslist.org/
AL,gadsden-anniston,https://gadsden.craigslist.org/
AL,huntsville / decatur,https://huntsville.craigslist.org/
AR,"fayetteville, AR",https://fayar.craigslist.org/
AR,"fort smith, AR",https://fortsmith.craigslist.org/
AR,"jonesboro, AR",https://jonesboro.craigslist.org/
AZ,"phoenix, AZ",https://phoenix.craigslist.org/
AZ,"prescott, AZ",https://prescott.craigslist.org/
AZ,"show low, AZ",https://showlow.craigslist.org/
AZ,"sierra vista, AZ",https://sierravista.craigslist.org/
AZ,"tucson, AZ",https://tucson.craigslist.org/
AZ,"yuma, AZ",https://yuma.craigslist.org/
AZ,flagstaff / sedona,https://flagstaff.craigslist.org/
AZ,mohave county,https://mohave.craigslist.org/
CA,"bakersfield, CA",https://bakersfield.craigslist.org/
CA,"chico, CA",https://chico.craigslist.org/
CA,fresno / madera,https://fresno.craigslist.org/
CA,"inland empire, CA - riverside and san bernardino counties",https://inlandempire.craigslist.org/
CA,los angeles,https://losangeles.craigslist.org/
CA,"merced, CA",https://merced.craigslist.org/
CA,"modesto, CA",https://modesto.craigslist.org/
CA,"orange county, CA",https://orangecounty.craigslist.org/
CA,"palm springs, CA",https://palmsprings.craigslist.org/
CA,"redding, CA",https://redding.craigslist.org/
CA,roswell / carlsbad,https://roswell.craigslist.org/
CA,sacramento,https://sacramento.craigslist.org/
CA,san diego,https://sandiego.craigslist.org/
CA,san luis obispo,https://slo.craigslist.org/
CA,santa barbara,https://santabarbara.craigslist.org/
CA,"santa maria, CA",https://santamaria.craigslist.org/
CA,SF bay area,https://sfbay.craigslist.org/
CA,"stockton, CA",https://stockton.craigslist.org/
CA,"susanville, CA",https://susanville.craigslist.org/
CA,"yuba-sutter, CA",https://yubasutter.craigslist.org/
CA,gold country,https://goldcountry.craigslist.org/
CA,hanford-corcoran,https://hanford.craigslist.org/
CA,humboldt county,https://humboldt.craigslist.org/
CA,imperial county,https://imperial.craigslist.org/
CA,monterey bay,https://monterey.craigslist.org/
CA,siskiyou county,https://siskiyou.craigslist.org/
CA,ventura county,https://ventura.craigslist.org/
CA,visalia-tulare,https://visalia.craigslist.org/
CA,mendocino county,https://mendocino.craigslist.org/
CO,"boulder, CO",https://boulder.craigslist.org/
CO,colorado springs,https://cosprings.craigslist.org/
CO,"denver, CO",https://denver.craigslist.org/
CO,eastern CO,https://eastco.craigslist.org/
CO,fort collins / north CO,https://fortcollins.craigslist.org/
CO,"pueblo, CO",https://pueblo.craigslist.org/
CO,western slope,https://westslope.craigslist.org/
CO,high rockies,https://rockies.craigslist.org/
CT,eastern CT,https://newlondon.craigslist.org/
CT,"hartford, CT",https://hartford.craigslist.org/
CT,"new haven, CT",https://newhaven.craigslist.org/
CT,northwest CT,https://nwct.craigslist.org/
DC,"washington, DC",https://washingtondc.craigslist.org/
DE,delaware,https://delaware.craigslist.org/
FL,daytona beach,https://daytona.craigslist.org/
FL,florida keys,https://keys.craigslist.org/
FL,ft myers / SW florida,https://fortmyers.craigslist.org/
FL,"gainesville, FL",https://gainesville.craigslist.org/
FL,heartland florida,https://cfl.craigslist.org/
FL,"jacksonville, FL",https://jacksonville.craigslist.org/
FL,"lakeland, FL",https://lakeland.craigslist.org/
FL,north central FL,https://lakecity.craigslist.org/
FL,northern panhandle,https://wheeling.craigslist.org/
FL,"ocala, FL",https://ocala.craigslist.org/
FL,"orlando, FL",https://orlando.craigslist.org/
FL,"panama city, FL",https://panamacity.craigslist.org/
FL,"pensacola, FL",https://pensacola.craigslist.org/
FL,"south florida - includes separate sections for miami/dade, broward, and palm beach counties",https://miami.craigslist.org/
FL,"space coast, FL",https://spacecoast.craigslist.org/
FL,"st augustine, FL",https://staugustine.craigslist.org/
FL,tallahassee,https://tallahassee.craigslist.org/
FL,tampa bay area,https://tampa.craigslist.org/
FL,"treasure coast, FL",https://treasure.craigslist.org/
FL,sarasota-bradenton,https://sarasota.craigslist.org/
FL,okaloosa / walton,https://okaloosa.craigslist.org/
GA,"albany, GA",https://albanyga.craigslist.org/
GA,"athens, GA",https://athensga.craigslist.org/
GA,"atlanta, GA",https://atlanta.craigslist.org/
GA,"augusta, GA",https://augusta.craigslist.org/
GA,"brunswick, GA",https://brunswick.craigslist.org/
GA,"columbus, GA",https://columbusga.craigslist.org/
GA,northwest GA,https://nwga.craigslist.org/
GA,"statesboro, GA",https://statesboro.craigslist.org/
GA,"valdosta, GA",https://valdosta.craigslist.org/
GA,macon / warner robins,https://macon.craigslist.org/
GA,parkersburg-marietta,https://parkersburg.craigslist.org/
GA,savannah / hinesville,https://savannah.craigslist.org/
HI,hawaii,https://honolulu.craigslist.org/
IA,"ames, IA",https://ames.craigslist.org/
IA,"cedar rapids, IA",https://cedarrapids.craigslist.org/
IA,"des moines, IA",https://desmoines.craigslist.org/
IA,dubuque,https://dubuque.craigslist.org/
IA,"fort dodge, IA",https://fortdodge.craigslist.org/
IA,"iowa city, IA",https://iowacity.craigslist.org/
IA,"mason city, IA",https://masoncity.craigslist.org/
IA,"quad cities, IA/IL",https://quadcities.craigslist.org/
IA,"sioux city, IA",https://siouxcity.craigslist.org/
IA,southeast IA,https://ottumwa.craigslist.org/
IA,waterloo / cedar falls,https://waterloo.craigslist.org/
ID,"boise, ID",https://boise.craigslist.org/
ID,east idaho,https://eastidaho.craigslist.org/
ID,"twin falls, ID",https://twinfalls.craigslist.org/
IL,champaign urbana,https://chambana.craigslist.org/
IL,chicago,https://chicago.craigslist.org/
IL,"decatur, IL",https://decatur.craigslist.org/
IL,"peoria, IL",https://peoria.craigslist.org/
IL,"rockford, IL",https://rockford.craigslist.org/
IL,southern illinois,https://carbondale.craigslist.org/
IL,"springfield, IL",https://springfieldil.craigslist.org/
IL,western IL,https://quincy.craigslist.org/
IL,bloomington-normal,https://bn.craigslist.org/
IL,la salle co,https://lasalle.craigslist.org/
IN,"bloomington, IN",https://bloomington.craigslist.org/
IN,"evansville, IN",https://evansville.craigslist.org/
IN,"fort wayne, IN",https://fortwayne.craigslist.org/
IN,indianapolis,https://indianapolis.craigslist.org/
IN,"kokomo, IN",https://kokomo.craigslist.org/
IN,"richmond, IN",https://richmondin.craigslist.org/
IN,"terre haute, IN",https://terrehaute.craigslist.org/
IN,muncie / anderson,https://muncie.craigslist.org/
IN,south bend / michiana,https://southbend.craigslist.org/
IN,lafayette / west lafayette,https://tippecanoe.craigslist.org/
KS,"lawrence, KS",https://lawrence.craigslist.org/
KS,"manhattan, KS",https://ksu.craigslist.org/
KS,northwest KS,https://nwks.craigslist.org/
KS,"salina, KS",https://salina.craigslist.org/
KS,southeast KS,https://seks.craigslist.org/
KS,"topeka, KS",https://topeka.craigslist.org/
KS,"wichita, KS",https://wichita.craigslist.org/
KS,southwest KS,https://swks.craigslist.org/
KS,st joseph,https://stjoseph.craigslist.org/
KY,"bowling green, KY",https://bgky.craigslist.org/
KY,eastern kentucky,https://eastky.craigslist.org/
KY,"lexington, KY",https://lexington.craigslist.org/
KY,"louisville, KY",https://louisville.craigslist.org/
KY,"owensboro, KY",https://owensboro.craigslist.org/
KY,western KY,https://westky.craigslist.org/
LA,baton rouge,https://batonrouge.craigslist.org/
LA,central louisiana,https://cenla.craigslist.org/
LA,"houma, LA",https://houma.craigslist.org/
LA,"lafayette, LA",https://lafayette.craigslist.org/
LA,"lake charles, LA",https://lakecharles.craigslist.org/
LA,"monroe, LA",https://monroe.craigslist.org/
LA,new orleans,https://neworleans.craigslist.org/
LA,"shreveport, LA",https://shreveport.craigslist.org/
MA,"boston - includes merrimack valley, metro west, north shore, south shore",https://boston.craigslist.org/
MA,cape cod / islands,https://capecod.craigslist.org/
MA,"south coast, MA - southern bristol and plymouth counties",https://southcoast.craigslist.org/
MA,western massachusetts,https://westernmass.craigslist.org/
MA,worcester / central MA,https://worcester.craigslist.org/
MD,"annapolis, MD",https://annapolis.craigslist.org/
MD,"baltimore, MD",https://baltimore.craigslist.org/
MD,"frederick, MD",https://frederick.craigslist.org/
MD,southern maryland,https://smd.craigslist.org/
MD,western maryland,https://westmd.craigslist.org/
ME,maine,https://maine.craigslist.org/
MI,"ann arbor, MI",https://annarbor.craigslist.org/
MI,"battle creek, MI",https://battlecreek.craigslist.org/
MI,central michigan,https://centralmich.craigslist.org/
MI,columbia / jeff city,https://columbiamo.craigslist.org/
MI,"flint, MI",https://flint.craigslist.org/
MI,"grand rapids, MI",https://grandrapids.craigslist.org/
MI,"holland, MI",https://holland.craigslist.org/
MI,"jackson, MI",https://jxn.craigslist.org/
MI,"kalamazoo, MI",https://kalamazoo.craigslist.org/
MI,"lansing, MI",https://lansing.craigslist.org/
MI,"monroe, MI",https://monroemi.craigslist.org/
MI,"muskegon, MI",https://muskegon.craigslist.org/
MI,northern michigan,https://nmi.craigslist.org/
MI,"port huron, MI",https://porthuron.craigslist.org/
MI,southwest michigan,https://swmi.craigslist.org/
MI,"the thumb, MI",https://thumb.craigslist.org/
MI,"upper peninsula, MI",https://up.craigslist.org/
MI,detroit metro,https://detroit.craigslist.org/
MI,north mississippi,https://northmiss.craigslist.org/
MI,saginaw-midland-baycity,https://saginaw.craigslist.org/
MN,"bemidji, MN",https://bemidji.craigslist.org/
MN,"brainerd, MN",https://brainerd.craigslist.org/
MN,"mankato, MN",https://mankato.craigslist.org/
MN,minneapolis / st paul,https://minneapolis.craigslist.org/
MN,southwest MN,https://marshall.craigslist.org/
MN,"st cloud, MN",https://stcloud.craigslist.org/
MN,duluth / superior,https://duluth.craigslist.org/
MO,"joplin, MO",https://joplin.craigslist.org/
MO,"kansas city, MO",https://kansascity.craigslist.org/
MO,"kirksville, MO",https://kirksville.craigslist.org/
MO,"springfield, MO",https://springfield.craigslist.org/
MO,"st louis, MO",https://stlouis.craigslist.org/
MO,southeast missouri,https://semo.craigslist.org/
MO,lake of the ozarks,https://loz.craigslist.org/
MS,"hattiesburg, MS",https://hattiesburg.craigslist.org/
MS,"jackson, MS",https://jackson.craigslist.org/
MS,"meridian, MS",https://meridian.craigslist.org/
MS,southwest MS,https://natchez.craigslist.org/
MS,gulfport / biloxi,https://gulfport.craigslist.org/
MT,"billings, MT",https://billings.craigslist.org/
MT,"bozeman, MT",https://bozeman.craigslist.org/
MT,"butte, MT",https://butte.craigslist.org/
MT,"great falls, MT",https://greatfalls.craigslist.org/
MT,"helena, MT",https://helena.craigslist.org/
MT,"kalispell, MT",https://kalispell.craigslist.org/
MT,"missoula, MT",https://missoula.craigslist.org/
MT,eastern montana,https://montana.craigslist.org/
NC,"asheville, NC",https://asheville.craigslist.org/
NC,"boone, NC",https://boone.craigslist.org/
NC,"charlotte, NC",https://charlotte.craigslist.org/
NC,eastern NC,https://eastnc.craigslist.org/
NC,"fayetteville, NC",https://fayetteville.craigslist.org/
NC,"greensboro, NC",https://greensboro.craigslist.org/
NC,"jacksonville, NC",https://onslow.craigslist.org/
NC,raleigh / durham / CH,https://raleigh.craigslist.org/
NC,"wilmington, NC",https://wilmington.craigslist.org/
NC,"winston-salem, NC",https://winstonsalem.craigslist.org/
NC,hickory / lenoir,https://hickory.craigslist.org/
NC,hilton head,https://hiltonhead.craigslist.org/
ND,"bismarck, ND",https://bismarck.craigslist.org/
ND,fargo / moorhead,https://fargo.craigslist.org/
ND,north dakota,https://nd.craigslist.org/
ND,grand forks,https://grandforks.craigslist.org/
NE,"grand island, NE",https://grandisland.craigslist.org/
NE,"lincoln, NE",https://lincoln.craigslist.org/
NE,"north platte, NE",https://northplatte.craigslist.org/
NE,omaha / council bluffs,https://omaha.craigslist.org/
NE,scottsbluff / panhandle,https://scottsbluff.craigslist.org/
NH,new hampshire,https://nh.craigslist.org/
NJ,central NJ,https://cnj.craigslist.org/
NJ,jersey shore,https://jerseyshore.craigslist.org/
NJ,north jersey,https://newjersey.craigslist.org/
NJ,south jersey,https://southjersey.craigslist.org/
NM,albuquerque,https://albuquerque.craigslist.org/
NM,"farmington, NM",https://farmington.craigslist.org/
NM,"las cruces, NM",https://lascruces.craigslist.org/
NM,"rochester, MN",https://rmn.craigslist.org/
NM,santa fe / taos,https://santafe.craigslist.org/
NV,"elko, NV",https://elko.craigslist.org/
NV,las vegas,https://lasvegas.craigslist.org/
NV,reno / tahoe,https://reno.craigslist.org/
NY,"albany, NY",https://albany.craigslist.org/
NY,"binghamton, NY",https://binghamton.craigslist.org/
NY,"buffalo, NY",https://buffalo.craigslist.org/
NY,catskills,https://catskills.craigslist.org/
NY,"chautauqua, NY",https://chautauqua.craigslist.org/
NY,corvallis/albany,https://corvallis.craigslist.org/
NY,"finger lakes, NY",https://fingerlakes.craigslist.org/
NY,"glens falls, NY",https://glensfalls.craigslist.org/
NY,"hudson valley, NY",https://hudsonvalley.craigslist.org/
NY,"ithaca, NY",https://ithaca.craigslist.org/
NY,"long island, NY",https://longisland.craigslist.org/
NY,new york city,https://newyork.craigslist.org/
NY,"oneonta, NY",https://oneonta.craigslist.org/
NY,plattsburgh-adirondacks,https://plattsburgh.craigslist.org/
NY,"rochester, NY",https://rochester.craigslist.org/
NY,"syracuse, NY",https://syracuse.craigslist.org/
NY,twin tiers NY/PA,https://twintiers.craigslist.org/
NY,utica-rome-oneida,https://utica.craigslist.org/
NY,"watertown, NY",https://watertown.craigslist.org/
NY,elmira-corning,https://elmira.craigslist.org/
NY,potsdam-canton-massena,https://potsdam.craigslist.org/
OH,akron / canton,https://akroncanton.craigslist.org/
OH,"ashtabula, OH",https://ashtabula.craigslist.org/
OH,"athens, OH",https://athensohio.craigslist.org/
OH,"chillicothe, OH",https://chillicothe.craigslist.org/
OH,"cincinnati, OH",https://cincinnati.craigslist.org/
OH,"cleveland, OH",https://cleveland.craigslist.org/
OH,"columbus, OH",https://columbus.craigslist.org/
OH,dayton / springfield,https://dayton.craigslist.org/
OH,"mansfield, OH",https://mansfield.craigslist.org/
OH,"sandusky, OH",https://sandusky.craigslist.org/
OH,"toledo, OH",https://toledo.craigslist.org/
OH,"youngstown, OH",https://youngstown.craigslist.org/
OH,zanesville / cambridge,https://zanesville.craigslist.org/
OH,tuscarawas co,https://tuscarawas.craigslist.org/
OH,lima / findlay,https://limaohio.craigslist.org/
OK,"lawton, OK",https://lawton.craigslist.org/
OK,northwest OK,https://enid.craigslist.org/
OK,oklahoma city,https://oklahomacity.craigslist.org/
OK,"stillwater, OK",https://stillwater.craigslist.org/
OK,"tulsa, OK",https://tulsa.craigslist.org/
OK,texoma,https://texoma.craigslist.org/
OR,"bend, OR",https://bend.craigslist.org/
OR,east oregon,https://eastoregon.craigslist.org/
OR,"eugene, OR",https://eugene.craigslist.org/
OR,"klamath falls, OR",https://klamath.craigslist.org/
OR,oregon coast,https://oregoncoast.craigslist.org/
OR,"portland, OR",https://portland.craigslist.org/
OR,"roseburg, OR",https://roseburg.craigslist.org/
OR,"salem, OR",https://salem.craigslist.org/
OR,medford-ashland,https://medford.craigslist.org/
PA,altoona-johnstown,https://altoona.craigslist.org/
PA,cumberland valley,https://chambersburg.craigslist.org/
PA,"erie, PA",https://erie.craigslist.org/
PA,"harrisburg, PA",https://harrisburg.craigslist.org/
PA,"lancaster, PA",https://lancaster.craigslist.org/
PA,lehigh valley,https://allentown.craigslist.org/
PA,"meadville, PA",https://meadville.craigslist.org/
PA,philadelphia,https://philadelphia.craigslist.org/
PA,"pittsburgh, PA",https://pittsburgh.craigslist.org/
PA,poconos,https://poconos.craigslist.org/
PA,"reading, PA",https://reading.craigslist.org/
PA,"state college, PA",https://pennstate.craigslist.org/
PA,"williamsport, PA",https://williamsport.craigslist.org/
PA,"york, PA",https://york.craigslist.org/
PA,scranton / wilkes-barre,https://scranton.craigslist.org/
QA,"yakima, WA",https://yakima.craigslist.org/
RI,rhode island,https://providence.craigslist.org/
SC,"charleston, SC",https://charleston.craigslist.org/
SC,"columbia, SC",https://columbia.craigslist.org/
SC,"florence, SC",https://florencesc.craigslist.org/
SC,"myrtle beach, SC",https://myrtlebeach.craigslist.org/
SC,lewiston / clarkston,https://lewiston.craigslist.org/
SC,greenville / upstate,https://greenville.craigslist.org/
SC,mattoon-charleston,https://mattoon.craigslist.org/
SC,outer banks,https://outerbanks.craigslist.org/
SD,northeast SD,https://nesd.craigslist.org/
SD,pierre / central SD,https://csd.craigslist.org/
SD,rapid city / west SD,https://rapidcity.craigslist.org/
SD,sioux falls / SE SD,https://siouxfalls.craigslist.org/
SD,south dakota,https://sd.craigslist.org/
TN,"chattanooga, TN",https://chattanooga.craigslist.org/
TN,"clarksville, TN",https://clarksville.craigslist.org/
TN,"cookeville, TN",https://cookeville.craigslist.org/
TN,"jackson, TN",https://jacksontn.craigslist.org/
TN,"knoxville, TN",https://knoxville.craigslist.org/
TN,"memphis, TN",https://memphis.craigslist.org/
TN,"nashville, TN",https://nashville.craigslist.org/
TN,"tri-cities, TN",https://tricities.craigslist.org/
TN,florence / muscle shoals,https://shoals.craigslist.org/
TX,"abilene, TX",https://abilene.craigslist.org/
TX,"amarillo, TX",https://amarillo.craigslist.org/
TX,"austin, TX",https://austin.craigslist.org/
TX,beaumont / port arthur,https://beaumont.craigslist.org/
TX,"brownsville, TX",https://brownsville.craigslist.org/
TX,"college station, TX",https://collegestation.craigslist.org/
TX,"corpus christi, TX",https://corpuschristi.craigslist.org/
TX,dallas / fort worth,https://dallas.craigslist.org/
TX,deep east texas,https://nacogdoches.craigslist.org/
TX,del rio / eagle pass,https://delrio.craigslist.org/
TX,"el paso, TX",https://elpaso.craigslist.org/
TX,"galveston, TX",https://galveston.craigslist.org/
TX,"houston, TX",https://houston.craigslist.org/
TX,"laredo, TX",https://laredo.craigslist.org/
TX,"lubbock, TX",https://lubbock.craigslist.org/
TX,"san angelo, TX",https://sanangelo.craigslist.org/
TX,san antonio,https://sanantonio.craigslist.org/
TX,"san marcos, TX",https://sanmarcos.craigslist.org/
TX,southwest TX,https://bigbend.craigslist.org/
TX,texarkana,https://texarkana.craigslist.org/
TX,tyler / east TX,https://easttexas.craigslist.org/
TX,"victoria, TX",https://victoriatx.craigslist.org/
TX,"waco, TX",https://waco.craigslist.org/
TX,"wichita falls, TX",https://wichitafalls.craigslist.org/
TX,clovis / portales,https://clovis.craigslist.org/
TX,odessa / midland,https://odessa.craigslist.org/
TX,killeen / temple / ft hood,https://killeen.craigslist.org/
TX,mcallen / edinburg,https://mcallen.craigslist.org/
UT,"logan, UT",https://logan.craigslist.org/
UT,provo / orem,https://provo.craigslist.org/
UT,salt lake city,https://saltlakecity.craigslist.org/
UT,"st george, UT",https://stgeorge.craigslist.org/
UT,ogden-clearfield,https://ogden.craigslist.org/
VA,"charlottesville, VA",https://charlottesville.craigslist.org/
VA,"fredericksburg, VA",https://fredericksburg.craigslist.org/
VA,"harrisonburg, VA",https://harrisonburg.craigslist.org/
VA,"lynchburg, VA",https://lynchburg.craigslist.org/
VA,"richmond, VA",https://richmond.craigslist.org/
VA,"roanoke, VA",https://roanoke.craigslist.org/
VA,southwest VA,https://swva.craigslist.org/
VA,west virginia (old),https://wv.craigslist.org/
VA,"winchester, VA",https://winchester.craigslist.org/
VA,danville,https://danville.craigslist.org/
VA,eastern shore,https://easternshore.craigslist.org/
VA,"new river valley - blacksburg, christiansburg, radford, etc",https://blacksburg.craigslist.org/
VA,norfolk / hampton roads,https://norfolk.craigslist.org/
VT,vermont,https://vermont.craigslist.org/
WA,"bellingham, WA",https://bellingham.craigslist.org/
WA,"moses lake, WA",https://moseslake.craigslist.org/
WA,"wenatchee, WA",https://wenatchee.craigslist.org/
WA,spokane / coeur d'alene,https://spokane.craigslist.org/
WA,olympic peninsula,https://olympic.craigslist.org/
WA,pullman / moscow,https://pullman.craigslist.org/
WA,seattle-tacoma,https://seattle.craigslist.org/
WA,skagit / island / SJI,https://skagit.craigslist.org/
WA,kennewick-pasco-richland,https://kpr.craigslist.org/
WI,appleton-oshkosh-FDL,https://appleton.craigslist.org/
WI,"eau claire, WI",https://eauclaire.craigslist.org/
WI,"green bay, WI",https://greenbay.craigslist.org/
WI,"janesville, WI",https://janesville.craigslist.org/
WI,"la crosse, WI",https://lacrosse.craigslist.org/
WI,"madison, WI",https://madison.craigslist.org/
WI,"milwaukee, WI",https://milwaukee.craigslist.org/
WI,northern WI,https://northernwi.craigslist.org/
WI,"sheboygan, WI",https://sheboygan.craigslist.org/
WI,"wausau, WI",https://wausau.craigslist.org/
WI,kenosha-racine,https://racine.craigslist.org/
WV,"charleston, WV",https://charlestonwv.craigslist.org/
WV,"morgantown, WV",https://morgantown.craigslist.org/
WV,southern WV,https://swv.craigslist.org/
WV,eastern panhandle,https://martinsburg.craigslist.org/
WV,huntington-ashland,https://huntington.craigslist.org/
WY,wyoming,https://wyoming.craigslist.org/
